model_type,file_size,file_size_mb,data_pattern,access_pattern,old_chunk_size,new_chunk_size,before_read_speed,after_read_speed,read_speed_change,read_speed_pct,before_write_speed,after_write_speed,write_speed_change,write_speed_pct,before_throughput,after_throughput,throughput_change,throughput_pct
rf,10485760,10.0,random,read_heavy,512,4096,465.9750994319234,503.7315548011561,37.7564553692327,8.102676605522936,176.226571001612,169.68050002359874,-6.546070978013262,-3.7145766048829167,321.1008352167677,336.7060274123774,15.605192195609732,4.859903956672997
rf,10485760,10.0,random,read_heavy,512,4096,504.6082771896054,592.6167062280999,88.00842903849451,17.44094043178478,150.55436171587465,173.73137790394244,23.177016188067796,15.394450166649658,327.58131945274005,383.1740420660212,55.592722613281126,16.97066325581531
rf,10485760,10.0,random,read_heavy,512,4096,503.9797173079773,481.41774941462745,-22.561967893349845,-4.476761091471155,207.24142815261823,175.46109932035017,-31.780328832268054,-15.334930431411694,355.61057273029775,328.4394243674888,-27.171148362808935,-7.640703186689582
xgb,10485760,10.0,random,read_heavy,512,2048,439.56235590023056,542.5984364017404,103.03608050150984,23.44060612071531,138.68264344214867,187.91544268635988,49.23279924421121,35.50033228545187,289.12249967118964,365.25693954405017,76.13443987286053,26.33293498757307
xgb,10485760,10.0,random,read_heavy,512,2048,531.2002431641738,497.16947659142363,-34.03076657275017,-6.40639137701459,173.99659831021754,168.3244887557706,-5.6721095544469335,-3.2598968080595245,352.5984207371957,332.74698267359713,-19.85143806359855,-5.630041683707524
xgb,10485760,10.0,random,read_heavy,512,2048,570.1080598610854,510.7136566022267,-59.39440325885869,-10.418095698091156,174.19146382487426,160.54526826417748,-13.646195560696782,-7.834020830329648,372.14976184297984,335.6294624332021,-36.52029940977775,-9.813334080591636
rf,10485760,10.0,random,write_heavy,512,4096,497.00452256344425,582.0921787321839,85.08765616873967,17.120096962070992,167.7386122775445,193.66698526593805,25.928372988393562,15.457605518693471,332.3715674204944,387.879581999061,55.50801457856659,16.700590549714963
rf,10485760,10.0,random,write_heavy,512,4096,544.6558597554377,548.1508329267443,3.494973171306583,0.641684672753893,186.42234891135578,197.6204962613138,11.19814734995802,6.006869570816728,365.5391043333968,372.8856645940291,7.346560260632316,2.009787782904821
rf,10485760,10.0,random,write_heavy,512,4096,511.58367214181163,461.8395900929338,-49.74408204887783,-9.723547634078656,172.4260541522726,154.44480857817234,-17.981245574100257,-10.428380828236486,342.0048631470421,308.1421993355531,-33.86266381148903,-9.901222894871545
xgb,10485760,10.0,random,write_heavy,512,2048,513.0354230543414,563.8288471965192,50.79342414217774,9.90056862736311,193.89259480124446,193.33074184641907,-0.5618529548253832,-0.28977535495944434,353.464008927793,378.5797945214691,25.11578559367615,7.105613289981924
xgb,10485760,10.0,random,write_heavy,512,2048,491.5737658806432,579.097130496813,87.52336461616977,17.804726511264015,179.71044464471126,159.46206048778015,-20.24838415693111,-11.267227231540325,335.6421052626772,369.27959549229655,33.637490229619345,10.021832690893854
xgb,10485760,10.0,random,write_heavy,512,2048,465.1912647094706,595.7733554921094,130.58209078263883,28.070623996818224,175.96755562392494,173.1159016522001,-2.8516539717248293,-1.620556676833847,320.57941016669776,384.4446285721548,63.86521840545703,19.92180919300083
rf,10485760,10.0,random,mixed,512,4096,529.590525132893,496.2772830176773,-33.31324211521576,-6.290377288539345,174.25997504421272,115.39096839037506,-58.86900665383766,-33.78228800899437,351.9252500885529,305.8341257040262,-46.09112438452672,-13.09685064454144
rf,10485760,10.0,random,mixed,512,4096,562.1436932066941,516.631096622146,-45.51259658454819,-8.096256728404441,186.2383091462106,138.55345350999767,-47.684855636212944,-25.60421422145584,374.19100117645235,327.5922750660718,-46.59872611038054,-12.45319261122653
rf,10485760,10.0,random,mixed,512,4096,541.685120451845,523.1414483257528,-18.543672126092247,-3.423330533913152,190.23799948596223,184.26565602722636,-5.972343458735878,-3.139406151701349,365.96155996890366,353.70355217648955,-12.258007792414105,-3.3495342498418927
xgb,10485760,10.0,random,mixed,512,2048,512.6508262442554,500.9679422865606,-11.682883957694798,-2.2789164397305433,142.06550210452156,171.41624072277864,29.350738618257083,20.660004141373413,327.3581641743885,336.19209150466963,8.833927330281142,2.698551096949328
xgb,10485760,10.0,random,mixed,512,2048,526.8608370877787,547.5282947439875,20.667457656208853,3.922754587425429,141.50536763763216,168.66518593781205,27.159818300179893,19.193489797313504,334.1831023627054,358.0967403408998,23.9136379781944,7.155848937041631
xgb,10485760,10.0,random,mixed,512,2048,491.737055809791,517.236344503272,25.49928869348099,5.185553618994372,174.29425086746036,154.97647563072408,-19.31777523673628,-11.083426527606017,333.01565333862567,336.106410066998,3.090756728372355,0.928111545924699
rf,10485760,10.0,random,sequential,512,4096,545.1112497400707,582.3696682464455,37.258418506374824,6.835011848341238,162.0588299690511,181.42656519896073,19.36773522990964,11.951052117066599,353.5850398545609,381.8981167227031,28.31307686814222,8.007430653680414
rf,10485760,10.0,random,sequential,512,4096,589.775159244625,521.2409124990162,-68.53424674560881,-11.620402397650391,174.0009292652167,182.5081079826643,8.507178717447601,4.889157059891755,381.8880442549208,351.87451024084027,-30.013534014080562,-7.8592494490468265
rf,10485760,10.0,random,sequential,512,4096,432.5689612496906,388.297963604719,-44.2709976449716,-10.234436959386269,144.01719565667747,154.64468221604443,10.627486559366957,7.379317803619657,288.293078453184,271.4713229103817,-16.82175554280235,-5.834949501062696
xgb,10485760,10.0,random,sequential,512,2048,344.30716693664897,562.1160693145827,217.8089023779337,63.26005476906311,143.48216067423292,206.66991874725915,63.18775807302623,44.03875560285853,243.89466380544093,384.39299403092093,140.49833022548,57.60615178426289
xgb,10485760,10.0,random,sequential,512,2048,460.68471634905814,576.2382821265508,115.55356577749262,25.083003988771,166.31545833889572,183.40672763261844,17.091269293722718,10.276416554675501,313.50008734397693,379.8225048795846,66.32241753560766,21.155470193804994
xgb,10485760,10.0,random,sequential,512,2048,507.50031257688386,562.5080802707282,55.00776769384436,10.838962327833237,161.80583935035457,191.59684440850933,29.791005058154752,18.411575983762212,334.65307596361924,377.0524623396188,42.39938637599954,12.669653865846689
rf,10485760,10.0,random,random,512,4096,448.04876832907223,542.869987272688,94.8212189436158,21.16314688180858,174.70394672901608,116.0078918739513,-58.69605485506479,-33.59744067265318,311.3763575290442,329.43893957331966,18.062582044275473,5.8008842378441186
rf,10485760,10.0,random,random,512,4096,522.2360475299138,616.4800180295823,94.24397049966854,18.046239999216105,170.46251302219156,174.17964867595964,3.717135653768082,2.180617654794382,346.3492802760527,395.32983335277095,48.98055307671825,14.141953186008935
rf,10485760,10.0,random,random,512,4096,421.5169086980554,494.67548856573376,73.15857986767838,17.356024956067415,166.70745505372355,173.17689545591548,6.469440402191935,3.8807145128015286,294.11218187588946,333.9261920108246,39.81401013493513,13.537014985573087
xgb,10485760,10.0,random,random,512,2048,496.91816174931586,583.7692186354652,86.85105688614937,17.477939743720576,166.68559218640092,170.4805273105401,3.7949351241391867,2.2767025478095264,331.8018769678584,377.12487297300265,45.32299600514426,13.659656304335702
xgb,10485760,10.0,random,random,512,2048,513.125384856925,508.91453993933266,-4.2108449175923965,-0.8206268958544134,178.3646415105038,178.47266723685274,0.10802572634895569,0.060564540950563975,345.74501318371443,343.6936035880927,-2.051409595621749,-0.5933302050351528
xgb,10485760,10.0,random,random,512,2048,536.106923892991,553.5110786569246,17.40415476393366,3.2463961923027878,191.18027257395505,155.45264177446793,-35.727630799487116,-18.687927534817405,363.64359823347297,354.48186021569626,-9.161738017776713,-2.5194278305140214
rf,10485760,10.0,sequential,read_heavy,512,4096,557.6469024077858,471.22422535633234,-86.42267705145343,-15.497741792934026,192.40103120212112,193.02497392158065,0.6239427194595351,0.3242928146284574,375.02396680495343,332.1245996389565,-42.89936716599692,-11.439100154446527
rf,10485760,10.0,sequential,read_heavy,512,4096,404.56792306628813,543.1300879684384,138.56216490215024,34.24941944283777,147.8205277310806,154.35727770887692,6.536749977796319,4.42208540189233,276.19422539868435,348.74368283865766,72.54945743997331,26.267550429502535
rf,10485760,10.0,sequential,read_heavy,512,4096,501.6250004983197,600.6937409594555,99.06874046113575,19.749561996056773,155.27117424723863,167.08066880537083,11.8094945581322,7.605722450020193,328.4480873727792,383.88720488241313,55.439117509633945,16.87911108056237
xgb,10485760,10.0,sequential,read_heavy,512,2048,546.249506188382,623.9604883418789,77.71098215349684,14.226279616387808,185.88751828160318,222.29800826092946,36.410489979326286,19.587377525890474,366.0685122349926,423.1292483014042,57.06073606641155,15.587447201627164
xgb,10485760,10.0,sequential,read_heavy,512,2048,526.9182000150752,423.121429267981,-103.79677074709417,-19.698839543618828,136.63503866810584,195.8664618172139,59.23142314910805,43.35009798839703,331.7766193415905,309.49394554259743,-22.282673798993073,-6.716167595900205
xgb,10485760,10.0,sequential,read_heavy,512,2048,530.1260127150242,562.8301388857826,32.7041261707584,6.169123073826394,182.65514473304117,214.3538165910299,31.698671857988728,17.354382163348195,356.3905787240327,388.5919777384063,32.20139901437358,9.03542375605512
rf,10485760,10.0,sequential,write_heavy,512,4096,440.06966740111216,518.5429759456687,78.47330854455652,17.83201941819592,143.36037333430554,160.70622854340363,17.34585520909809,12.099476867745643,291.71502036770886,339.62460224453616,47.9095818768273,16.423419615636156
rf,10485760,10.0,sequential,write_heavy,512,4096,536.5618523730332,574.8719401321259,38.31008775909277,7.139920139618591,202.71412967479804,193.33371233131388,-9.380417343484169,-4.627411694750929,369.6379910239156,384.1028262317199,14.464835207804299,3.913243648937704
rf,10485760,10.0,sequential,write_heavy,512,4096,540.2918962089561,524.7777926064327,-15.514103602523392,-2.871430001334568,209.68409685896594,189.93562098951975,-19.748475869446196,-9.418203938818055,374.98799653396105,357.35670679797624,-17.631289735984808,-4.701827764875674
xgb,10485760,10.0,sequential,write_heavy,512,2048,452.1640637914058,528.4229092649986,76.25884547359277,16.86530433979221,156.79465277024931,151.1822285447212,-5.612424225528116,-3.579474252704257,304.47935828082757,339.80256890485987,35.3232106240323,11.60118400914816
xgb,10485760,10.0,sequential,write_heavy,512,2048,458.9255312164912,543.5641434366212,84.63861222012997,18.442776978603742,164.5040135965486,155.7535899825839,-8.7504236139647,-5.319276668486276,311.7147724065199,349.65886670960253,37.944094303082636,12.172696856855472
xgb,10485760,10.0,sequential,write_heavy,512,2048,512.4337003974717,602.3327573084159,89.89905691094418,17.543548919833636,178.07158292776467,199.7709357689798,21.69935284121513,12.185747149795116,345.2526416626182,401.0518465386979,55.79920487607967,16.161847338044932
rf,10485760,10.0,sequential,mixed,512,4096,551.8917875752206,638.5417417295503,86.64995415432963,15.700533348219029,171.09598466203445,197.85106111994264,26.75507645790819,15.637466016959683,361.49388611862753,418.19640142474645,56.702515306118926,15.685608383294062
rf,10485760,10.0,sequential,mixed,512,4096,510.74475166826323,288.91033912704063,-221.8344125412226,-43.43351778293114,191.42079553596827,184.51830311775498,-6.902492418213285,-3.6059260953788566,351.08277360211576,236.7143211223978,-114.36845247971797,-32.57592256842896
rf,10485760,10.0,sequential,mixed,512,4096,470.08345973086665,581.1861212725862,111.10266154171956,23.634667257879766,185.97378642498626,191.95987166989323,5.986085244906974,3.2187790333136546,328.02862307792645,386.5729964712397,58.544373393313265,17.84733687078443
xgb,10485760,10.0,sequential,mixed,512,2048,484.67958076059364,541.2121551001097,56.53257433951609,11.663906750682823,156.70170675666418,190.41043776699337,33.70873101032919,21.511400040252358,320.6906437586289,365.81129643355155,45.12065267492267,14.069837568720336
xgb,10485760,10.0,sequential,mixed,512,2048,528.8782222371667,547.9169170476813,19.038694810514585,3.59982582190291,166.23152621503903,179.0998684817326,12.868342266693588,7.741216458571734,347.55487422610287,363.50839276470697,15.9535185386041,4.590215739062112
xgb,10485760,10.0,sequential,mixed,512,2048,457.0800867452023,546.3206568224348,89.24057007723246,19.52405555724402,146.51890855865977,174.6954574420674,28.176548883407634,19.230657094423396,301.79949765193106,360.5080571322511,58.70855948032005,19.45283538809244
rf,10485760,10.0,sequential,sequential,512,4096,471.25775728726217,473.3051472247717,2.0473899375095357,0.4344522516287236,188.5035265072298,153.09913856037377,-35.40438794685602,-18.781817296928995,329.880641897246,313.20214289257274,-16.678499004673256,-5.055919289094998
rf,10485760,10.0,sequential,sequential,512,4096,528.8537708886722,505.1309102295445,-23.72286065912772,-4.485712679946375,205.33841175347467,181.93021164373064,-23.40820010974403,-11.39981550935899,367.09609132107346,343.5305609366376,-23.565530384435874,-6.419444647212204
rf,10485760,10.0,sequential,sequential,512,4096,581.9306562085216,316.32206099731513,-265.6085952112064,-45.64265387593392,172.99166450133427,176.7416825622456,3.750018060911316,2.1677449440822003,377.4611603549279,246.53187177978037,-130.92928857514755,-34.68682405682066
xgb,10485760,10.0,sequential,sequential,512,2048,506.59312432815454,576.5287075091751,69.93558318102055,13.805079426170527,188.43351842866642,175.06026912417778,-13.373249304488638,-7.097065010517876,347.51332137841047,375.79448831667645,28.281166938265983,8.13815333066624
xgb,10485760,10.0,sequential,sequential,512,2048,481.0809198830074,587.937089403695,106.85616952068762,22.2116831294564,192.0527488629079,212.28061118618504,20.22786232327715,10.532451341124156,336.56683437295766,400.10885029494005,63.5420159219824,18.879464472595654
xgb,10485760,10.0,sequential,sequential,512,2048,538.4976055668965,560.673365266793,22.175759699896503,4.118079536593529,194.50762160482662,179.2427393576105,-15.264882247216121,-7.847960980279309,366.5026135858616,369.95805231220174,3.4554387263401622,0.942814211481918
rf,10485760,10.0,sequential,random,512,4096,542.9285467725233,521.9154593078962,-21.01308746462712,-3.8703228241618324,170.596094009504,191.91654020087088,21.320446191366898,12.497616850582245,356.76232039101365,356.9159997543835,0.15367936336986077,0.043076119474003666
rf,10485760,10.0,sequential,random,512,4096,535.6710089399745,570.7545552274552,35.08354628748066,6.5494577272170424,152.16748577841415,173.69036986934827,21.522884090934127,14.144206944626585,343.91924735919434,372.2224625484017,28.30321518920738,8.229610702667967
rf,10485760,10.0,sequential,random,512,4096,503.4252198474871,617.2087821531579,113.78356230567084,22.601879647615117,157.7363429181741,177.6577477137859,19.921404795611807,12.62955919166077,330.5807813828306,397.43326493347195,66.85248355064135,20.222737471608347
xgb,10485760,10.0,sequential,random,512,2048,512.3585842956496,557.1086641784107,44.75007988276104,8.734132940171177,183.60369457049887,159.24531644896788,-24.35837812153099,-13.266823512736028,347.98113943307425,358.17699031368926,10.195850880615012,2.9300010044297062
xgb,10485760,10.0,sequential,random,512,2048,518.870131048304,656.652785170805,137.78265412250107,26.554362233981486,154.03076719683588,187.76093924399692,33.730172047161034,21.898334119219996,336.4504491225699,422.20686220740095,85.75641308483102,25.488571440007114
xgb,10485760,10.0,sequential,random,512,2048,407.03088254798007,525.3364840661153,118.30560151813523,29.06550991353576,136.6783761413479,184.836784878033,48.15840873668509,35.23484116235137,271.854629344664,355.08663447207414,83.23200512741016,30.616364830001324
rf,104857600,100.0,random,read_heavy,512,128,647.5112863709834,429.94131873283453,-217.56996763814885,-33.60095371580827,166.9645192275923,160.48903901812622,-6.47548020946607,-3.8783570541949866,407.23790279928784,295.2151788754804,-112.02272392380746,-27.50793164235973
rf,104857600,100.0,random,read_heavy,512,512,596.0386340705512,733.8151598652845,137.7765257947333,23.115368353526076,224.4882077302055,216.65177602151002,-7.836431708695471,-3.4907988209845997,410.2634209003784,475.2334679433973,64.9700470430189,15.836178351078281
rf,104857600,100.0,random,read_heavy,512,4096,724.8254600251614,673.1688214140122,-51.65663861114922,-7.126769334145082,220.07451068802143,197.3127765738246,-22.761734114196827,-10.342739848897793,472.4499853565914,435.2407989939184,-37.209186362672995,-7.875793738164388
xgb,104857600,100.0,random,read_heavy,512,4096,582.8757566829909,898.0853369039072,315.20958022091634,54.078348019602,212.7587853439402,215.7921959611952,3.033410617255015,1.4257510505858944,397.81727101346553,556.9387664325512,159.1214954190857,39.998639328481964
xgb,104857600,100.0,random,read_heavy,256,4096,598.2350919181358,906.4368778243058,308.20178590617,51.518506699093,188.11344353014096,244.71870280093336,56.6052592707924,30.091022846925174,393.1742677241384,575.5777903126196,182.40352258848122,46.392538261547784
xgb,104857600,100.0,random,read_heavy,512,4096,675.0442191122058,938.5778093382544,263.53359022604855,39.03945590003549,202.3437822873096,221.31245199484238,18.96866970753277,9.374476197444505,438.69400069975774,579.9451306665484,141.25112996679064,32.19809929962159
rf,104857600,100.0,random,write_heavy,512,4096,716.3778570912112,889.491234035454,173.11337694424276,24.16509321591182,228.38167140324938,248.57167578741254,20.19000438416316,8.84046616355392,472.3797642472303,569.0314549114332,96.65169066420293,20.460590816845013
rf,104857600,100.0,random,write_heavy,512,4096,694.1507337648796,857.3036884824262,163.15295471754655,23.503966326254602,232.76227282489322,205.84052654188443,-26.921746283008787,-11.566198403321996,463.45650329488643,531.5721075121553,68.11560421726887,14.697302493979358
rf,104857600,100.0,random,write_heavy,512,4096,686.2382178951106,804.3025983572502,118.06438046213964,17.20457668829302,228.41102291024143,246.14325273648737,17.73222982624594,7.763298636079472,457.324620402676,525.2229255468687,67.89830514419276,14.846851036449351
xgb,104857600,100.0,random,write_heavy,512,4096,694.5331146078728,746.1284716148401,51.59535700696733,7.428782864600719,220.6615192063495,197.40604478072055,-23.25547442562896,-10.538980475287051,457.5973169071111,471.76725819778034,14.169941290669215,3.096596235844103
xgb,104857600,100.0,random,write_heavy,512,4096,697.3209233761808,880.2243003206688,182.90337694448806,26.229440536350857,229.26438287401484,234.23966330907768,4.975280435062842,2.1701061336670224,463.2926531250978,557.2319818148733,93.9393286897755,20.27645550951789
xgb,104857600,100.0,random,write_heavy,512,4096,739.2950120886126,757.2923374695919,17.997325380979305,2.434390207791924,214.51903194178843,243.85422210094777,29.33519015915934,13.674865998425581,476.9070220152005,500.57327978526985,23.666257770069365,4.962446908428002
rf,104857600,100.0,random,mixed,512,4096,732.4491260667678,822.127222512971,89.6780964462032,12.243593889963686,245.88053909240662,239.19171151106994,-6.688827581336682,-2.7203566439322358,489.1648325795872,530.6594670120205,41.494634432433315,8.482750939721761
rf,104857600,100.0,random,mixed,512,4096,770.8795059671135,728.5357215437446,-42.3437844233689,-5.492918685164181,210.54932624748378,236.86975084546506,26.320424597981287,12.500835346793629,490.71441610729863,482.7027361946048,-8.011679912693808,-1.6326563169364867
rf,104857600,100.0,random,mixed,512,4096,670.9093730155303,857.171117974765,186.26174495923476,27.762579038364866,229.82097290402191,258.417193376193,28.59622047217107,12.442824565064154,450.3651729597761,557.794155675479,107.42898271570294,23.853750060131283
xgb,104857600,100.0,random,mixed,512,4096,743.4810970248731,846.1791211591989,102.6980241343258,13.81313183956983,179.6249647756735,254.3404636616834,74.7154988860099,41.59527545590287,461.55303090027326,550.2597924104412,88.7067615101679,19.21919163593025
xgb,104857600,100.0,random,mixed,512,4096,721.517519700955,844.3694663987857,122.85194669783073,17.026883387218202,232.42759884152974,218.8221017607277,-13.605497080802053,-5.853649544466681,476.97255927124235,531.5957840797566,54.623224808514294,11.45206862465466
xgb,104857600,100.0,random,mixed,512,4096,749.4351948140128,894.3136096819383,144.87841486792547,19.331680160001017,248.15576946970458,212.98206083716093,-35.17370863254365,-14.174044273767223,498.79548214185866,553.6478352595495,54.85235311769088,10.996962699451785
rf,104857600,100.0,random,sequential,512,4096,753.6270840483048,853.2702592920853,99.64317524378043,13.221814522445383,215.72375371214434,252.74352067779043,37.019766965646085,17.160728166748022,484.6754188802246,553.0068899849379,68.33147110471327,14.098398318318612
rf,104857600,100.0,random,sequential,512,128,511.68144831708776,458.6244450762132,-53.057003240874565,-10.369147330898592,204.5587844411985,194.86976172540938,-9.689022715789122,-4.736546876858413,358.12011637914316,326.7471034008113,-31.37301297833187,-8.760472127490639
rf,104857600,100.0,random,sequential,512,4096,728.7753904677621,871.2805691233679,142.50517865560573,19.554060211080845,242.8174040104229,230.83684859176248,-11.98055541866043,-4.933977227656286,485.7963972390925,551.0587088575652,65.26231161847267,13.43408719977657
xgb,104857600,100.0,random,sequential,512,4096,708.6006348898854,844.0018968879099,135.40126199802444,19.108261456619413,204.2003608544051,233.84804546975948,29.647684615354393,14.518918816452631,456.40049787214525,538.9249711788347,82.5244733066894,18.081591429334413
xgb,104857600,100.0,random,sequential,512,4096,641.2583285683271,861.9359753069338,220.67764673860665,34.413221147753575,225.74092446246445,226.63011645876034,0.8891919962958923,0.39389933323487586,433.4996265153958,544.2830458828471,110.7834193674513,25.55559741953245
xgb,104857600,100.0,random,sequential,512,4096,580.7797171084972,808.3696362343318,227.58991912583463,39.1869606361129,217.0932591407374,217.45797231940952,0.36471317867213315,0.16799838931696012,398.93648812461726,512.9138042768707,113.97731615225342,28.570291147860587
rf,104857600,100.0,random,random,512,4096,620.1763002575256,845.5184119758982,225.34211171837262,36.33516979362163,206.22602747022665,207.14017148158854,0.9141440113618842,0.44327286064503246,413.2011638638761,526.3292917287433,113.12812786486722,27.378463024401317
rf,104857600,100.0,random,random,512,4096,726.7264277187168,791.5304454819607,64.8040177632439,8.917250741337652,233.0607388353068,224.27394301052846,-8.786795824778352,-3.7701741909380853,479.89358327701177,507.90219424624456,28.00861096923279,5.836421228634186
rf,104857600,100.0,random,random,512,4096,699.1703024739788,854.0712393927588,154.90093691877996,22.154965159514187,204.7906004314255,214.60749987080482,9.816899439379313,4.793627939318689,451.98045145270214,534.3393696317818,82.35891817907964,18.221787671208197
xgb,104857600,100.0,random,random,512,4096,703.3540210185988,844.8950403783824,141.5410193597836,20.12372363419542,227.99884541142546,228.95405675290914,0.9552113414836754,0.418954464335111,465.67643321501214,536.9245485656458,71.24811535063361,15.299918627777526
xgb,104857600,100.0,random,random,512,4096,713.6681768580005,867.1943519980482,153.5261751400477,21.512262998185363,233.01481764606538,226.17659657114385,-6.838221074921535,-2.934672199820509,473.3414972520329,546.685474284596,73.34397703256309,15.494939163026888
xgb,104857600,100.0,random,random,512,4096,722.3326519259947,865.2866544261753,142.95400250018065,19.7906050791162,231.99020335559408,250.16261777338008,18.172414417786,7.8332680237929555,477.1614276407944,557.7246360997777,80.56320845898335,16.883847644036955
rf,104857600,100.0,sequential,read_heavy,512,128,650.8158141642263,325.175639488998,-325.64017467522825,-50.03568868304367,212.8306145355717,192.34570924517806,-20.48490529039364,-9.624980567337445,431.823214349899,258.76067436708803,-173.06253998281096,-40.07717376736058
rf,104857600,100.0,sequential,read_heavy,512,512,728.1187866723761,666.1978594478402,-61.920927224535944,-8.504234248305126,216.83023106375418,238.2303392803928,21.400108216638614,9.869522396231908,472.4745088680652,452.21409936411646,-20.260409503948722,-4.288148698749436
rf,104857600,100.0,sequential,read_heavy,512,4096,691.6823285280416,697.3468159463711,5.664487418329486,0.8189434925110771,218.68887948060723,235.95704475376792,17.26816527316069,7.896224679633053,455.18560400432443,466.6519303500695,11.466326345745074,2.51904415360995
xgb,104857600,100.0,sequential,read_heavy,512,4096,710.2200608232131,706.4733466285776,-3.7467141946355014,-0.52754271546381,226.88805431358986,256.09383646636473,29.205782152774873,12.87233135350905,468.5540575684015,481.28359154747113,12.729533979069629,2.7167695537907743
xgb,104857600,100.0,sequential,read_heavy,512,4096,625.6392050751563,815.0478195391318,189.40861446397548,30.274415817855015,201.2190927119096,245.00216809840342,43.783075386493806,21.7589070681176,413.42914889353295,530.0249938187676,116.59584492523464,28.20213457064698
xgb,104857600,100.0,sequential,read_heavy,512,4096,784.9616686743643,849.3158784638905,64.35420978952618,8.198388833203403,225.6488278570564,214.00401887493612,-11.644808982120281,-5.1605891742087895,505.30524826571036,531.6599486694133,26.354700403702964,5.215599975293463
rf,104857600,100.0,sequential,write_heavy,512,4096,672.0937337757371,900.8068875017988,228.7131537260617,34.029948834841875,241.89376285363969,249.77072264894193,7.876959795302241,3.2563715998201563,456.9937483146884,575.2888050753703,118.29505676068192,25.88548687961991
rf,104857600,100.0,sequential,write_heavy,512,4096,667.0231781971005,848.5895968648566,181.56641866775612,27.22040621714416,196.88545467432934,230.3163444478876,33.43088977355825,16.97986772504688,431.95431643571493,539.4529706563721,107.49865422065722,24.886579466941285
rf,104857600,100.0,sequential,write_heavy,4096,4096,834.0676910023731,856.1009611557546,22.033270153381523,2.6416645064985302,237.54632544432877,221.20499287227278,-16.34133257205599,-6.8792192602809745,535.807008223351,538.6529770140137,2.8459687906627096,0.5311555741123059
xgb,104857600,100.0,sequential,write_heavy,512,4096,740.3589968986255,830.8470037003093,90.48800680168381,12.222179669692592,242.93380678373703,225.00174344936897,-17.932063334368053,-7.381460642211654,491.6464018411813,527.9243735748391,36.277971733657864,7.378874654182234
xgb,104857600,100.0,sequential,write_heavy,512,4096,715.0312171299561,858.13157472985,143.10035759989387,20.013162246856915,239.6269996749216,260.98067862502893,21.353678950107337,8.911215755768662,477.3291084024388,559.5561266774395,82.22701827500066,17.226483117739093
xgb,104857600,100.0,sequential,write_heavy,512,4096,646.7760688610842,820.3664585582625,173.59038969717824,26.839334053106768,189.24213431969136,226.09214698482103,36.85001266512967,19.472414426946823,418.0091015903878,523.2293027715417,105.22020118115393,25.171748840115082
rf,104857600,100.0,sequential,mixed,512,4096,743.3756805807623,832.2785860888189,88.90290550805662,11.95935081419414,218.78565202596792,207.54740197757786,-11.238250048390057,-5.136648561879267,481.0806663033651,519.9129940331984,38.83232772983331,8.071895307749905
rf,104857600,100.0,sequential,mixed,512,4096,655.9866038705723,770.4693203130884,114.48271644251611,17.45198998989068,228.03768601475667,244.96319977946735,16.925513764710672,7.422244130128296,442.01214494266446,507.71626004627785,65.70411510361339,14.864775969478439
rf,104857600,100.0,sequential,mixed,512,4096,632.7637430829483,863.5455370243535,230.78179394140523,36.47203185457361,211.56846926796428,245.82092710087713,34.25245783291285,16.189774379626503,422.16610617545626,554.6832320626153,132.517125887159,31.389806985614243
xgb,104857600,100.0,sequential,mixed,512,4096,565.5714140597821,820.5178499582337,254.94643589845157,45.07767358120105,229.0246499445772,240.8492161961751,11.8245662515979,5.163010293634064,397.29803200217964,530.6835330772044,133.38550107502476,33.57315927361377
xgb,104857600,100.0,sequential,mixed,512,4096,759.4840807812304,820.1894603320281,60.705379550797716,7.992975901266313,234.17257390640847,238.23899952173892,4.066425615330445,1.736508057922987,496.82832734381947,529.2142299268835,32.38590258306402,6.518529802076291
xgb,104857600,100.0,sequential,mixed,512,4096,696.1773878807963,856.9131026968129,160.73571481601653,23.088327431217667,212.15058261310716,219.9893632309763,7.8387806178691335,3.694913547404435,454.16398524695177,538.4512329638945,84.28724771694277,18.558769619548666
rf,104857600,100.0,sequential,sequential,512,4096,690.1822087191856,847.7965759100924,157.61436719090682,22.836631428590675,199.17760900669623,245.08577477778414,45.90816577108791,23.048858754773235,444.6799088629409,546.4411753439383,101.76126648099739,22.88416104545938
rf,104857600,100.0,sequential,sequential,512,128,744.2224911370483,447.55044180932146,-296.6720493277269,-39.86335442166781,232.7063982223718,180.67412322971722,-52.03227499265458,-22.359623710446105,488.4644446797101,314.11228251951934,-174.35216216019074,-35.69393106483212
rf,104857600,100.0,sequential,sequential,512,4096,694.5400151240003,841.4879253027954,146.94791017879504,21.15758732094933,241.45827000838193,244.88244081560842,3.4241708072264885,1.4181211548925712,467.99914256619115,543.1851830592019,75.18604049301075,16.065422701576182
xgb,104857600,100.0,sequential,sequential,512,4096,734.6175851737337,870.2025968637079,135.58501168997418,18.456543162917743,199.69788797731908,249.5660776577793,49.868189680460205,24.9718162698466,467.15773657552637,559.8843372607436,92.72660068521719,19.84909880010644
xgb,104857600,100.0,sequential,sequential,512,4096,720.079797050874,870.5680491058333,150.48825205495928,20.898829917363614,241.6023630846365,242.03981960857485,0.43745652393835144,0.18106467103763577,480.8410800677553,556.3039343572041,75.46285428944879,15.693928288908952
xgb,104857600,100.0,sequential,sequential,512,4096,710.8531992854697,823.9867406817076,113.13354139623789,15.915176510418275,233.47462886960045,258.07480550421235,24.6001766346119,10.53655240987727,472.1639140775351,541.03077309296,68.8668590154249,14.585371088760526
rf,104857600,100.0,sequential,random,512,4096,692.7794729267398,832.8300003574118,140.050527430672,20.21574438962658,216.2966752340208,245.97109316081028,29.674417926789488,13.719313019806451,454.5380740803803,539.4005467591111,84.8624726787308,18.67004713530857
rf,104857600,100.0,sequential,random,512,4096,662.073494197148,790.7420383226322,128.66854412548423,19.434178418743667,189.82169639600255,243.2397605358078,53.41806413980524,28.141179408894047,425.9475952965753,516.99089942922,91.04330413264472,21.374297011643847
rf,104857600,100.0,sequential,random,512,4096,720.9540518210476,870.9464678765729,149.99241605552527,20.804712266566995,241.02960568407067,209.86238348495078,-31.16722219911989,-12.930868849353011,480.9918287525592,540.4044256807618,59.412596928202674,12.352101091257168
xgb,104857600,100.0,sequential,random,512,4096,699.484346961783,856.2005740251575,156.7162270633745,22.404536676778108,226.1831422186559,252.00257632028405,25.81943410162816,11.415277835634623,462.83374459021945,554.1015751727208,91.26783058250135,19.71935530830999
xgb,104857600,100.0,sequential,random,512,4096,693.030541364018,901.7229097840809,208.69236842006296,30.113011759815965,208.73903191723903,221.421418250792,12.682386333552955,6.075713879223735,450.8847866406285,561.5721640174364,110.68737737680794,24.54892705551181
xgb,104857600,100.0,sequential,random,512,4096,668.9060441716043,943.7250060750425,274.8189619034382,41.08483759386316,219.46336010643427,217.97586779098629,-1.4874923154479802,-0.6777861756634836,444.1847021390193,580.8504369330144,136.6657347939951,30.76777163550805
rf,1073741824,1024.0,random,read_heavy,512,4096,527.751238658177,742.9028105060461,215.15157184786904,40.767610966655084,200.93049833653697,231.36001794440884,30.429519607871867,15.144301069171537,364.340868497357,487.13141422522745,122.79054572787044,33.702106007018315
rf,1073741824,1024.0,random,read_heavy,512,4096,596.2072733028936,780.6732009844374,184.4659276815438,30.939898914622745,195.44375334710404,204.28975099767408,8.845997650570041,4.52610917416211,395.8255133249988,492.48147599105573,96.65596266605695,24.418830876800012
rf,1073741824,1024.0,random,read_heavy,4096,4096,702.5904922996641,737.1113588953028,34.52086659563872,4.913369448346465,159.06683594914162,239.9978730271014,80.93103707795979,50.878636388942724,430.82866412440285,488.5546159612021,57.725951836799254,13.398818751792879
xgb,1073741824,1024.0,random,read_heavy,512,4096,588.5853715893136,793.6777488577513,205.09237726843776,34.84496679124763,196.73455541056822,247.060312473755,50.325757063186785,25.580537673293453,392.6599634999409,520.3690306657531,127.70906716581226,32.52408675116466
xgb,1073741824,1024.0,random,read_heavy,512,4096,618.2207221679085,727.5459396670384,109.32521749912985,17.68384875805524,198.86488092617998,240.01003724589242,41.14515631971244,20.69000626359252,408.5428015470443,483.77798845646544,75.23518690942115,18.415496889071413
xgb,1073741824,1024.0,random,read_heavy,512,4096,590.6744645152536,727.3797643949043,136.70529987965074,23.143932587612387,213.34370628211016,220.69033813083126,7.346631848721103,3.443566241886907,402.00908539868186,474.0350512628678,72.02596586418593,17.916502009589184
rf,1073741824,1024.0,random,write_heavy,512,1024,602.7718306696479,665.9601915581758,63.18836088852788,10.482965140943785,236.24299253669977,236.9377510414583,0.6947585047585392,0.29408639693328054,419.50741160317386,451.44897129981706,31.941559696643196,7.614063259234569
rf,1073741824,1024.0,random,write_heavy,512,512,611.3288852986453,533.6741151048362,-77.6547701938091,-12.702617537182679,209.52718481846662,229.41534674831317,19.888161929846547,9.491924375864428,410.42803505855596,381.5447309265747,-28.883304131981276,-7.037361404383715
rf,1073741824,1024.0,random,write_heavy,512,64,623.5282136204086,268.09741866723795,-355.4307949531706,-57.003161555340576,197.7703777717726,150.28580049055245,-47.48457728122014,-24.009954279410557,410.6492956960906,209.1916095788952,-201.45768611719538,-49.05832987627678
xgb,1073741824,1024.0,random,write_heavy,512,4096,623.5458356620701,757.4984177069146,133.95258204484446,21.48239542047714,201.4427961654943,232.84460931169036,31.401813146196076,15.58845178082123,412.4943159137822,495.1715135093025,82.67719759552028,20.04323318064851
xgb,1073741824,1024.0,random,write_heavy,512,4096,628.2189157497655,672.1388219019916,43.919906152226076,6.991178560710582,217.67992934040484,235.8152373821004,18.135308041695566,8.331180599262243,422.9494225450852,453.977029642046,31.027607096960764,7.336008856627132
xgb,1073741824,1024.0,random,write_heavy,512,4096,570.6792843924029,717.9537036969966,147.27441930459372,25.806862686700722,229.06085026043982,249.4013670860506,20.34051682561079,8.879962159611226,399.87006732642135,483.67753539152363,83.80746806510228,20.958675057987946
rf,1073741824,1024.0,random,mixed,512,4096,614.8253919810126,714.8548857388554,100.02949375784283,16.269577519487356,211.35049001701285,236.36366432692068,25.01317430990784,11.834926102084921,413.0879409990127,475.60927503288804,62.52133403387535,15.135114785165026
rf,1073741824,1024.0,random,mixed,512,4096,601.2526162620729,701.5995605127287,100.34694425065572,16.689647834632733,218.6641959319427,259.42260138724197,40.75840545529928,18.639725301889378,409.9584060970078,480.5110809499853,70.55267485297747,17.209715376901606
rf,1073741824,1024.0,random,mixed,512,4096,599.9483853280143,748.9055862039904,148.95720087597613,24.828335990026147,222.55610784973203,235.30053728369512,12.744429433963091,5.726389429207677,411.25224658887316,492.1030617438428,80.85081515496961,19.65966528464847
xgb,1073741824,1024.0,random,mixed,512,4096,598.6341692950322,718.4839181331387,119.8497488381065,20.02053256987399,219.53076195456754,242.66185048123216,23.131088526664627,10.536604674770667,409.08246562479985,480.5728843071854,71.49041868238555,17.475796371080534
xgb,1073741824,1024.0,random,mixed,512,4096,612.6919783054509,708.5066862700256,95.81470796457472,15.638316047416462,225.32145385049228,249.84348816043098,24.522034309938704,10.883133359422501,419.0067160779716,479.1750872152283,60.16837113725671,14.359762941379723
xgb,1073741824,1024.0,random,mixed,512,4096,624.5508513562987,747.3318650291554,122.78101367285672,19.659089953399427,231.62905402243678,226.98186248729832,-4.647191535138461,-2.0063076951859027,428.08995268936775,487.1568637582269,59.066911068859156,13.797780279071281
rf,1073741824,1024.0,random,sequential,512,4096,614.8936678259462,738.9421999425932,124.04853211664704,20.173981064927897,228.32632231806232,253.4285173903835,25.102195072321166,10.993999648167325,421.60999507200427,496.18535866648836,74.57536359448409,17.688234260610404
rf,1073741824,1024.0,random,sequential,512,4096,583.6568182303074,745.3404665976757,161.68364836736828,27.701834934029485,232.76422672199553,255.20475872459318,22.44053200259765,9.640885250550008,408.2105224761515,500.2726126611344,92.06209018498294,22.552600953681047
rf,1073741824,1024.0,random,sequential,4096,4096,731.05519375408,733.0411550700209,1.9859613159408127,0.2716568233025742,194.13786406494333,243.42914163926184,49.291277574318514,25.38983202052203,462.5965289095117,488.23514835464135,25.638619445129677,5.542328539638661
xgb,1073741824,1024.0,random,sequential,512,4096,610.3703921540019,739.871358905113,129.50096675111104,21.21678384400349,200.3986585365626,245.35322284337587,44.95456430681327,22.432567480790464,405.38452534528227,492.6122908742444,87.22776552896215,21.517290393526185
xgb,1073741824,1024.0,random,sequential,512,4096,632.6607284978045,719.8455003698978,87.18477187209328,13.780651768777494,226.1571764150162,253.09541164676364,26.938235231747427,11.911289156844463,429.40895245641036,486.4704560083307,57.06150355192034,13.288382374308485
xgb,1073741824,1024.0,random,sequential,512,4096,652.4627980957359,722.229403104943,69.76660500920707,10.692809645672734,236.2981235383699,253.04258060542776,16.74445706705785,7.086157442269701,444.38046081705295,487.63599185518535,43.2555310381324,9.733895805995008
rf,1073741824,1024.0,random,random,512,4096,620.5489666950255,776.763887661423,156.21492096639759,25.173665472103004,232.32488039369713,249.21080011433807,16.885919720640942,7.268235624194062,426.4369235443613,512.9873438878806,86.55042034351925,20.29618345994741
rf,1073741824,1024.0,random,random,512,1024,631.5178004094482,684.719078799517,53.20127839006875,8.424351357250009,210.66838873785196,243.2317147726722,32.56332603482025,15.457148663789736,421.0930945736501,463.9753967860946,42.88230221244453,10.183568138504423
rf,1073741824,1024.0,random,random,512,1024,629.7735592702078,668.6863147594023,38.912755489194524,6.178848717352834,229.80705830332397,232.80999298565345,3.0029346823294816,1.3067199521634738,429.7903087867659,450.7481538725279,20.957845085762017,4.876295406688647
xgb,1073741824,1024.0,random,random,512,4096,626.1425920012626,660.7772116127825,34.63461961151984,5.531426875277956,215.17735672352111,255.93872011669225,40.76136339317114,18.943147185112483,420.6599743623919,458.35796586473737,37.697991502345474,8.961630247680578
xgb,1073741824,1024.0,random,random,512,4096,591.0241390132386,723.61010837948,132.58596936624144,22.433257901716868,225.37262175632148,237.53586962737612,12.163247871054637,5.396950071515716,408.19838038478,480.57298900342806,72.37460861864804,17.730253743394467
xgb,1073741824,1024.0,random,random,512,4096,578.9893733408975,730.8065339876403,151.81716064674276,26.22106167004827,208.30188661675814,237.5979716557568,29.296085038998655,14.06424373529498,393.6456299788278,484.2022528216985,90.5566228428707,23.004605143906023
rf,1073741824,1024.0,sequential,read_heavy,512,4096,591.6304517198325,709.7099072677216,118.0794555478891,19.958312694121734,227.0123674319605,248.22439486631438,21.21202743435387,9.343996397337902,409.3214095758965,478.967151067018,69.6457414911215,17.01492760011806
rf,1073741824,1024.0,sequential,read_heavy,512,4096,602.098190929991,781.0411760041957,178.94298507420467,29.71990080186294,227.3293106530643,246.54324768870404,19.21393703563973,8.45202802069058,414.7137507915277,513.7922118464498,99.07846105492217,23.890806819359096
rf,1073741824,1024.0,sequential,read_heavy,512,4096,599.7965418777783,652.4421161707226,52.645574292944275,8.777238716336575,231.6512041621521,247.8875889617327,16.236384799580577,7.008979235961739,415.7238730199652,450.16485256622764,34.44097954626244,8.284580651111275
xgb,1073741824,1024.0,sequential,read_heavy,4096,4096,726.4110459068216,750.6562911214658,24.245245214644115,3.337675734869553,198.1975939382608,245.42568820239353,47.22809426413272,23.82879293622728,462.30431992254125,498.04098966192964,35.73666973938839,7.730118062789472
xgb,1073741824,1024.0,sequential,read_heavy,512,4096,624.0856307221604,736.0970510647867,112.01142034262625,17.94808513905572,230.12129579582606,252.0561934072318,21.934897611405745,9.531885145852547,427.10346325899326,494.07662223600926,66.973158977016,15.6807810608653
xgb,1073741824,1024.0,sequential,read_heavy,512,4096,583.1448664169451,730.3867631710399,147.2418967540948,25.249625819190136,227.22556282886674,251.38580063855795,24.16023780969121,10.632711174264893,405.1852146229059,490.8862819047989,85.70106728189302,21.151084538376484
rf,1073741824,1024.0,sequential,write_heavy,512,4096,621.3100250690981,786.490804396691,165.18077932759297,26.58588670112359,232.55298152248264,255.25075478331868,22.697773260836044,9.760258979367968,426.9315032957903,520.8707795900049,93.93927629421455,22.00336015708139
rf,1073741824,1024.0,sequential,write_heavy,512,512,599.2275550599444,615.2442346258081,16.016679565863683,2.6728876919322304,227.85600960875314,220.85878757526933,-6.9972220334838084,-3.070896416337052,413.5417823343488,418.05151110053873,4.509728766189937,1.0905134520467434
rf,1073741824,1024.0,sequential,write_heavy,512,128,625.6872117009498,394.18905799937295,-231.49815370157683,-36.999022734097764,234.86017343184253,188.82520952540384,-46.03496390643869,-19.601009074362384,430.27369256639616,291.5071337623884,-138.7665588040078,-32.25076531551938
xgb,1073741824,1024.0,sequential,write_heavy,512,4096,605.2137690492308,764.0429850239318,158.82921597470101,26.243490167815587,231.30314325323985,227.32747773752794,-3.97566551571191,-1.7188117116762194,418.25845615123535,495.6852313807299,77.42677522949452,18.51170588204397
xgb,1073741824,1024.0,sequential,write_heavy,512,4096,615.3674682997375,802.3389674749793,186.97149917524177,30.38371522821066,230.1753867270697,250.64892280543816,20.473536078368454,8.894754721383366,422.77142751340364,526.4939451402088,103.72251762680514,24.533946921830875
xgb,1073741824,1024.0,sequential,write_heavy,512,4096,631.3962439747385,757.8584156774192,126.46217170268073,20.028971174516577,222.38630395083624,246.58643385361842,24.20012990278218,10.882023520716542,426.89127396278735,502.2224247655188,75.33115080273143,17.646448966604584
rf,1073741824,1024.0,sequential,mixed,512,4096,618.2718940093964,715.3013811112032,97.02948710180681,15.693659705697726,227.87384913766203,244.73222250459554,16.858373366933506,7.398116734645188,423.07287157352926,480.01680180789936,56.9439302343701,13.45960331197302
rf,1073741824,1024.0,sequential,mixed,512,4096,643.4200047569,759.3538782209874,115.93387346408747,18.018381866738846,240.51409458792315,262.1833659106531,21.66927132272994,9.009564017383791,441.9670496724116,510.7686220658203,68.80157239340872,15.567127106965287
rf,1073741824,1024.0,sequential,mixed,512,4096,628.0701525337377,777.017257874664,148.94710534092633,23.715042776678587,233.0468247178091,268.8295040467859,35.782679328976826,15.354287436572125,430.5584886257734,522.9233809607249,92.36489233495149,21.452344983315815
xgb,1073741824,1024.0,sequential,mixed,512,4096,603.8388834055329,718.1872875032899,114.348404097757,18.93690639013745,230.8856642259319,260.87183581919663,29.986171593264743,12.987454935236665,417.3622738157324,489.5295616612433,72.16728784551088,17.291282028373537
xgb,1073741824,1024.0,sequential,mixed,512,4096,615.542648473027,673.9957380756771,58.45308960265004,9.496188403460632,221.66238399408206,199.96234266832215,-21.700041325759912,-9.789681467262058,418.6025162335545,436.97904037199964,18.37652413844512,4.38996982239642
xgb,1073741824,1024.0,sequential,mixed,512,4096,634.3890672538769,739.828112132039,105.43904487816212,16.620564622051777,234.02782255096193,252.8858824188863,18.858059867924368,8.058041844070841,434.2084449024194,496.3569972754626,62.14855237304323,14.31306855098362
rf,1073741824,1024.0,sequential,sequential,512,4096,637.8379799990109,788.082046785457,150.24406678644607,23.555208610606577,232.90669036205256,258.5458665364637,25.63917617441112,11.008346790963849,435.37233518053176,523.3139566609603,87.94162148042858,20.199175366519935
rf,1073741824,1024.0,sequential,sequential,512,4096,602.9544989803043,805.7853066416352,202.83080766133094,33.639488220811245,235.58388668542685,259.79698436010244,24.213097674675595,10.277909077460437,419.26919283286554,532.7911455008689,113.52195266800334,27.076149311370205
rf,1073741824,1024.0,sequential,sequential,512,4096,645.044433461946,758.878065653671,113.83363219172497,17.647409432057444,224.63453048672056,243.953774790725,19.319244304004428,8.60030034658741,434.8394819743333,501.415920222198,66.5764382478647,15.310578042633768
xgb,1073741824,1024.0,sequential,sequential,512,4096,624.4187984782384,771.1338601621135,146.7150616838751,23.49625956832692,216.3117108224318,262.73608629016144,46.42437546772965,21.46179478273322,420.3652546503351,516.9349732261375,96.56971857580237,22.972811741096496
xgb,1073741824,1024.0,sequential,sequential,512,4096,640.6605027878267,750.9372880705957,110.27678528276908,17.21298328879351,239.91567059165612,268.5265816143316,28.610911022675452,11.925403185260084,440.28808668974136,509.73193484246366,69.4438481527223,15.772365924054043
xgb,1073741824,1024.0,sequential,sequential,512,4096,609.9882171250773,731.8390160010138,121.85079887593645,19.975926658096594,236.29211745133549,225.48456034997153,-10.807557101363955,-4.573811948504705,423.1401672882064,478.66178817549263,55.52162088728625,13.121330750306608
rf,1073741824,1024.0,sequential,random,512,1024,638.3121742341459,686.2872942460671,47.97512001192115,7.515933730933807,235.85774285222038,240.0657240678648,4.207981215644423,1.7841183269022405,437.0849585431831,463.17650915696595,26.09155061378283,5.9694460090200145
rf,1073741824,1024.0,sequential,random,512,4096,611.538458230751,725.9320093156632,114.39355108491225,18.705863800596543,214.2227585507578,244.0915543716988,29.868795820941017,13.942867706030368,412.8806083907544,485.011781843681,72.13117345292659,17.470225529376503
rf,1073741824,1024.0,sequential,random,512,1024,594.542390964548,638.6854968215428,44.143105856994794,7.424719671440048,233.3351210965983,243.69885914966818,10.36373805306988,4.44156799214954,413.93875603057313,441.19217798560544,27.25342195503231,6.583926138343855
xgb,1073741824,1024.0,sequential,random,512,4096,692.2864511337143,764.5559197550175,72.26946862130319,10.43924353899343,227.96289914046628,263.9602843376841,35.997385197217795,15.79089638399313,460.1246751370903,514.2581020463508,54.13342690926049,11.764947596677333
xgb,1073741824,1024.0,sequential,random,512,4096,635.6790960924703,742.4720703909219,106.79297429845155,16.79982477871456,229.96462173048187,246.26280942842266,16.29818769794079,7.087258716274296,432.8218589114761,494.36743990967227,61.54558099819616,14.219610153927995
xgb,1073741824,1024.0,sequential,random,512,4096,604.1881170555515,784.2842177562082,180.09610070065673,29.807951466893538,219.17113977361873,255.36949696840304,36.19835719478431,16.516023611582025,411.6796284145851,519.8268573623056,108.14722894772052,26.269754800402712
